apt_id,apt_lat,apt_lon,kategoria,best_dist_m,count_in_R,distance_score,coverage_score,poi_feature
A000,54.38666687519796,18.633072808031393,apteka,695.7629488402288,3,0.6302963139497141,0.7768698398515702,0.6889257243104565
A000,54.38666687519796,18.633072808031393,bank_atm,669.6515678067725,5,0.9226093691035862,0.9643260066527476,0.9392960241232508
A000,54.38666687519796,18.633072808031393,biblioteka,452.09345011726765,1,1.0,0.6321205588285577,0.852848223531423
A000,54.38666687519796,18.633072808031393,fryzjer,544.263342647706,7,1.0,0.9905964374485048,0.9962385749794019
A000,54.38666687519796,18.633072808031393,kawiarnia_restauracja,164.33125993783673,11,1.0,0.9993466080201326,0.9997386432080531
A000,54.38666687519796,18.633072808031393,klub,1504.5735739558277,0,0.49771321302208615,0.0,0.2986279278132517
A000,54.38666687519796,18.633072808031393,park,612.9805849789169,9,0.9855771278012034,0.9975212478233336,0.9903547758100555
A000,54.38666687519796,18.633072808031393,plac_zabaw,386.3820414551904,33,1.0,0.9999999999999953,0.9999999999999981
A000,54.38666687519796,18.633072808031393,przystanek_autobus,206.32130525243346,31,1.0,0.9999998144608637,0.9999999257843455
A000,54.38666687519796,18.633072808031393,przystanek_tramwaj,587.7764486230063,20,0.7652794392212421,0.9999983804032077,0.8591670156940283
A000,54.38666687519796,18.633072808031393,pub,684.3439362632367,1,0.9062845152630703,0.6321205588285577,0.7966189326892652
A000,54.38666687519796,18.633072808031393,silownia,1509.0573187743832,0,0.4954713406128084,0.0,0.297282804367685
A000,54.38666687519796,18.633072808031393,sklep,319.32409737881716,35,1.0,0.9999999748900085,0.9999999899560034
A000,54.38666687519796,18.633072808031393,sklep_zoologiczny,1428.7160419990753,0,0.07920439777880524,0.0,0.047522638667283144
A000,54.38666687519796,18.633072808031393,szkola_przedszkole,506.51481371970186,10,0.9906931232575689,0.9999546000702375,0.9943977139826363
A000,54.38666687519796,18.633072808031393,szpital_przychodnia,1156.520657589921,1,0.05434917801259871,0.6321205588285577,0.28545773033898225
A000,54.38666687519796,18.633072808031393,uczelnia,816.5145146712053,1,0.6834854853287946,0.6321205588285577,0.6629395147286998
A000,54.38666687519796,18.633072808031393,weterynarz,1345.6225163606794,0,0.17153053737702295,0.0,0.10291832242621377
A001,54.35219785325054,18.696518395020416,apteka,917.518207671582,3,0.3531022404105225,0.7768698398515702,0.5226092801869416
A001,54.35219785325054,18.696518395020416,bank_atm,897.478087948117,2,0.6694687911687589,0.7364028618842733,0.6962424194549646
A001,54.35219785325054,18.696518395020416,biblioteka,921.5966766393103,1,0.6426703592896552,0.6321205588285577,0.6384504391052161
A001,54.35219785325054,18.696518395020416,fryzjer,877.0606038843202,1,0.6921548845729775,0.486582880967408,0.6099260831307497
A001,54.35219785325054,18.696518395020416,kawiarnia_restauracja,866.9935747187724,2,0.4162580316015345,0.7364028618842733,0.54431596371463
A001,54.35219785325054,18.696518395020416,klub,2522.823117111168,0,0.0,0.0,0.0
A001,54.35219785325054,18.696518395020416,park,934.5021750101671,2,0.6283309166553699,0.7364028618842733,0.6715596947469312
A001,54.35219785325054,18.696518395020416,plac_zabaw,467.34460111618927,15,1.0,0.9999996940976795,0.9999998776390718
A001,54.35219785325054,18.696518395020416,przystanek_autobus,461.862260829766,22,0.76876819881462,0.9999832982992097,0.8612542386084558
A001,54.35219785325054,18.696518395020416,przystanek_tramwaj,1625.8508230220266,0,0.23384323561123338,0.0,0.14030594136674002
A001,54.35219785325054,18.696518395020416,pub,2360.003993483714,0,0.06999800325814294,0.0,0.04199880195488576
A001,54.35219785325054,18.696518395020416,silownia,2087.964652223846,0,0.20601767388807707,0.0,0.12361060433284624
A001,54.35219785325054,18.696518395020416,sklep,882.9322557517887,6,0.3963346803102641,0.950212931632136,0.6178859808390129
A001,54.35219785325054,18.696518395020416,sklep_zoologiczny,2878.0118221950447,0,0.0,0.0,0.0
A001,54.35219785325054,18.696518395020416,szkola_przedszkole,454.69294355455077,2,1.0,0.8646647167633873,0.9458658867053549
A001,54.35219785325054,18.696518395020416,szpital_przychodnia,1491.540031247908,0,0.3177874804700575,0.0,0.1906724882820345
A001,54.35219785325054,18.696518395020416,uczelnia,1449.3208720055275,0,0.050679127994472536,0.0,0.03040747679668352
A001,54.35219785325054,18.696518395020416,weterynarz,1568.780316624725,0,0.4656098416876375,0.0,0.2793659050125825
A002,54.39537388051483,18.6752782727783,apteka,1984.4414207301356,0,0.00972411204366523,0.0,0.005834467226199138
A002,54.39537388051483,18.6752782727783,bank_atm,2907.709611629074,0,0.0,0.0,0.0
A002,54.39537388051483,18.6752782727783,biblioteka,3308.495842386336,0,0.0,0.0,0.0
A002,54.39537388051483,18.6752782727783,fryzjer,1808.7857410209256,0,0.3456071294895372,0.0,0.20736427769372232
A002,54.39537388051483,18.6752782727783,kawiarnia_restauracja,1821.3608602124714,0,0.11164946236720538,0.0,0.06698967742032323
A002,54.39537388051483,18.6752782727783,klub,3841.0633303714867,0,0.0,0.0,0.0
A002,54.39537388051483,18.6752782727783,park,271.83577392671384,2,1.0,0.7364028618842733,0.8945611447537093
A002,54.39537388051483,18.6752782727783,plac_zabaw,237.67378800657818,1,1.0,0.6321205588285577,0.852848223531423
A002,54.39537388051483,18.6752782727783,przystanek_autobus,156.8687471104895,6,1.0,0.950212931632136,0.9800851726528544
A002,54.39537388051483,18.6752782727783,przystanek_tramwaj,667.4130678064499,3,0.6657336652419376,0.8646647167633873,0.7453060858505175
A002,54.39537388051483,18.6752782727783,pub,2303.303734591645,0,0.09834813270417748,0.0,0.05900887962250649
A002,54.39537388051483,18.6752782727783,silownia,4232.937213331335,0,0.0,0.0,0.0
A002,54.39537388051483,18.6752782727783,sklep,1803.3054105124745,0,0.12293411842970343,0.0,0.07376047105782206
A002,54.39537388051483,18.6752782727783,sklep_zoologiczny,4233.087908773056,0,0.0,0.0,0.0
A002,54.39537388051483,18.6752782727783,szkola_przedszkole,1937.2072318554547,0,0.03924548009034083,0.0,0.023547288054204498
A002,54.39537388051483,18.6752782727783,szpital_przychodnia,1847.4427631402482,0,0.09534827303734489,0.0,0.05720896382240693
A002,54.39537388051483,18.6752782727783,uczelnia,358.01377413613386,1,1.0,0.6321205588285577,0.852848223531423
A002,54.39537388051483,18.6752782727783,weterynarz,4023.3313540724607,0,0.0,0.0,0.0
A003,54.37878835972699,18.61305624874159,apteka,263.4552918712841,16,1.0,0.9996645373720975,0.999865814948839
A003,54.37878835972699,18.61305624874159,bank_atm,250.3674546543792,51,1.0,0.9999999999999983,0.9999999999999993
A003,54.37878835972699,18.61305624874159,biblioteka,418.4303776181299,2,1.0,0.8646647167633873,0.9458658867053549
A003,54.37878835972699,18.61305624874159,fryzjer,147.41141556050027,65,1.0,1.0,1.0
A003,54.37878835972699,18.61305624874159,kawiarnia_restauracja,80.45772913270181,86,1.0,1.0,1.0
A003,54.37878835972699,18.61305624874159,klub,906.7998443403745,2,0.6591112840662505,0.8646647167633873,0.7413326571451053
A003,54.37878835972699,18.61305624874159,park,124.08267916181838,26,1.0,0.99999997033605,0.99999998813442
A003,54.37878835972699,18.61305624874159,plac_zabaw,71.20743248745319,35,1.0,0.9999999999999993,0.9999999999999998
A003,54.37878835972699,18.61305624874159,przystanek_autobus,174.36641124783992,50,1.0,0.9999999999861121,0.9999999999944449
A003,54.37878835972699,18.61305624874159,przystanek_tramwaj,360.39302163040026,29,1.0,0.9999999959854209,0.9999999983941683
A003,54.37878835972699,18.61305624874159,pub,222.9534396555813,7,1.0,0.9990881180344455,0.9996352472137782
A003,54.37878835972699,18.61305624874159,silownia,361.7232433642962,4,1.0,0.9305165487771985,0.9722066195108794
A003,54.37878835972699,18.61305624874159,sklep,90.85592419108978,88,1.0,1.0,1.0
A003,54.37878835972699,18.61305624874159,sklep_zoologiczny,179.56686809393895,3,1.0,0.950212931632136,0.9800851726528544
A003,54.37878835972699,18.61305624874159,szkola_przedszkole,109.04989240878959,30,1.0,0.9999999999999064,0.9999999999999626
A003,54.37878835972699,18.61305624874159,szpital_przychodnia,237.6021167142496,9,1.0,0.9998765901959134,0.9999506360783653
A003,54.37878835972699,18.61305624874159,uczelnia,199.86685903507444,7,1.0,0.9990881180344455,0.9996352472137782
A003,54.37878835972699,18.61305624874159,weterynarz,482.5758626877872,3,1.0,0.950212931632136,0.9800851726528544
A004,54.31673887542392,18.696451281160996,apteka,3717.958667933563,0,0.0,0.0,0.0
A004,54.31673887542392,18.696451281160996,bank_atm,3646.8429271525574,0,0.0,0.0,0.0
A004,54.31673887542392,18.696451281160996,biblioteka,4267.051191862723,0,0.0,0.0,0.0
A004,54.31673887542392,18.696451281160996,fryzjer,3566.6455809335025,0,0.0,0.0,0.0
A004,54.31673887542392,18.696451281160996,kawiarnia_restauracja,3559.17487770141,0,0.0,0.0,0.0
A004,54.31673887542392,18.696451281160996,klub,4292.269227510789,0,0.0,0.0,0.0
A004,54.31673887542392,18.696451281160996,park,3564.962188306233,0,0.0,0.0,0.0
A004,54.31673887542392,18.696451281160996,plac_zabaw,2489.195131782566,0,0.0,0.0,0.0
A004,54.31673887542392,18.696451281160996,przystanek_autobus,753.3622962236639,2,0.35233957682333733,0.6321205588285577,0.4642519696254255
A004,54.31673887542392,18.696451281160996,przystanek_tramwaj,3727.901015670629,0,0.0,0.0,0.0
A004,54.31673887542392,18.696451281160996,pub,4294.853101629256,0,0.0,0.0,0.0
A004,54.31673887542392,18.696451281160996,silownia,4771.818130502462,0,0.0,0.0,0.0
A004,54.31673887542392,18.696451281160996,sklep,2674.362163522057,0,0.0,0.0,0.0
A004,54.31673887542392,18.696451281160996,sklep_zoologiczny,4909.069087542575,0,0.0,0.0,0.0
A004,54.31673887542392,18.696451281160996,szkola_przedszkole,3215.279263965133,0,0.0,0.0,0.0
A004,54.31673887542392,18.696451281160996,szpital_przychodnia,3916.19271334646,0,0.0,0.0,0.0
A004,54.31673887542392,18.696451281160996,uczelnia,3685.40564773451,0,0.0,0.0,0.0
A004,54.31673887542392,18.696451281160996,weterynarz,3558.131313945917,0,0.0,0.0,0.0
A005,54.40741204003234,18.692040791445695,apteka,3331.8647158874664,0,0.0,0.0,0.0
A005,54.40741204003234,18.692040791445695,bank_atm,4627.950317096183,0,0.0,0.0,0.0
A005,54.40741204003234,18.692040791445695,biblioteka,4821.951945398406,0,0.0,0.0,0.0
A005,54.40741204003234,18.692040791445695,fryzjer,3237.4531248075864,0,0.0,0.0,0.0
A005,54.40741204003234,18.692040791445695,kawiarnia_restauracja,3232.480608847284,0,0.0,0.0,0.0
A005,54.40741204003234,18.692040791445695,klub,5537.47067113483,0,0.0,0.0,0.0
A005,54.40741204003234,18.692040791445695,park,1538.9128681075854,0,0.4805435659462073,0.0,0.28832613956772435
A005,54.40741204003234,18.692040791445695,plac_zabaw,1786.5350556013084,0,0.13341559024918226,0.0,0.08004935414950935
A005,54.40741204003234,18.692040791445695,przystanek_autobus,1399.7840570988487,0,0.2501349643132195,0.0,0.1500809785879317
A005,54.40741204003234,18.692040791445695,przystanek_tramwaj,1919.0729156821217,0,0.050579427698673955,0.0,0.030347656619204372
A005,54.40741204003234,18.692040791445695,pub,3800.796460517197,0,0.0,0.0,0.0
A005,54.40741204003234,18.692040791445695,silownia,5616.681942592256,0,0.0,0.0,0.0
A005,54.40741204003234,18.692040791445695,sklep,3221.1360593728928,0,0.0,0.0,0.0
A005,54.40741204003234,18.692040791445695,sklep_zoologiczny,5614.0396424302335,0,0.0,0.0,0.0
A005,54.40741204003234,18.692040791445695,szkola_przedszkole,3297.179084656526,0,0.0,0.0,0.0
A005,54.40741204003234,18.692040791445695,szpital_przychodnia,3276.9232755693965,0,0.0,0.0,0.0
A005,54.40741204003234,18.692040791445695,uczelnia,2046.6331486323625,0,0.22668342568381877,0.0,0.13601005541029126
A005,54.40741204003234,18.692040791445695,weterynarz,5347.0566444687565,0,0.0,0.0,0.0
A006,54.38534847337269,18.625104773857952,apteka,254.529881288184,6,1.0,0.950212931632136,0.9800851726528544
A006,54.38534847337269,18.625104773857952,bank_atm,324.86100517531264,16,1.0,0.9999766908988571,0.9999906763595429
A006,54.38534847337269,18.625104773857952,biblioteka,215.41141808841346,2,1.0,0.8646647167633873,0.9458658867053549
A006,54.38534847337269,18.625104773857952,fryzjer,280.33010575596796,27,1.0,0.9999999847700203,0.9999999939080081
A006,54.38534847337269,18.625104773857952,kawiarnia_restauracja,600.4380656693502,38,0.7494524179133123,0.9999999999900488,0.8496714507440069
A006,54.38534847337269,18.625104773857952,klub,1304.0347436430254,0,0.21773917372997176,0.0,0.13064350423798304
A006,54.38534847337269,18.625104773857952,park,271.7347619875595,15,1.0,0.9999546000702375,0.999981840028095
A006,54.38534847337269,18.625104773857952,plac_zabaw,120.68063096309841,37,1.0,0.9999999999999999,1.0
A006,54.38534847337269,18.625104773857952,przystanek_autobus,206.40151577461774,38,1.0,0.9999999943972036,0.9999999977588814
A006,54.38534847337269,18.625104773857952,przystanek_tramwaj,253.226119342001,25,1.0,0.9999999422225148,0.9999999768890059
A006,54.38534847337269,18.625104773857952,pub,813.8901557026395,6,0.7623442714415116,0.9975212478233336,0.8564150619942403
A006,54.38534847337269,18.625104773857952,silownia,1081.93537487941,2,0.4180646251205901,0.7364028618842733,0.5453999198260634
A006,54.38534847337269,18.625104773857952,sklep,161.31355298444396,63,1.0,0.9999999999999791,0.9999999999999917
A006,54.38534847337269,18.625104773857952,sklep_zoologiczny,956.517412806037,4,0.6038695413266256,0.9816843611112658,0.7549954692404817
A006,54.38534847337269,18.625104773857952,szkola_przedszkole,183.7478225746017,22,1.0,0.9999999997210532,0.9999999998884213
A006,54.38534847337269,18.625104773857952,szpital_przychodnia,974.0882402431632,2,0.282389699696046,0.8646647167633873,0.5152997065229825
A006,54.38534847337269,18.625104773857952,uczelnia,410.2720284855023,4,1.0,0.9816843611112658,0.9926737444445063
A006,54.38534847337269,18.625104773857952,weterynarz,809.2716307193127,2,0.7674759658674303,0.8646647167633873,0.8063514662258131
A007,54.38791243669086,18.60920027454478,apteka,213.44018121534523,21,1.0,0.9999724635506503,0.9999889854202602
A007,54.38791243669086,18.60920027454478,bank_atm,223.44099480444345,49,1.0,0.9999999999999934,0.9999999999999973
A007,54.38791243669086,18.60920027454478,biblioteka,566.5997132290313,4,1.0,0.9816843611112658,0.9926737444445063
A007,54.38791243669086,18.60920027454478,fryzjer,118.65937248791529,65,1.0,1.0,1.0
A007,54.38791243669086,18.60920027454478,kawiarnia_restauracja,80.80454169510456,84,1.0,1.0,1.0
A007,54.38791243669086,18.60920027454478,klub,1948.032502664334,0,0.275983748667833,0.0,0.16559024920069979
A007,54.38791243669086,18.60920027454478,park,372.8450985877597,24,1.0,0.9999998874648253,0.9999999549859301
A007,54.38791243669086,18.60920027454478,plac_zabaw,168.9905849102456,74,1.0,1.0,1.0
A007,54.38791243669086,18.60920027454478,przystanek_autobus,69.49422574939852,54,1.0,0.9999999999981205,0.9999999999992482
A007,54.38791243669086,18.60920027454478,przystanek_tramwaj,131.19712985520434,24,1.0,0.9999998874648253,0.9999999549859301
A007,54.38791243669086,18.60920027454478,pub,604.4347202171078,7,0.9950725330921024,0.9990881180344455,0.9966787670690396
A007,54.38791243669086,18.60920027454478,silownia,258.17809353186067,5,1.0,0.9643260066527476,0.985730402661099
A007,54.38791243669086,18.60920027454478,sklep,106.57446393159825,109,1.0,1.0,1.0
A007,54.38791243669086,18.60920027454478,sklep_zoologiczny,269.995927487007,9,1.0,0.9998765901959134,0.9999506360783653
A007,54.38791243669086,18.60920027454478,szkola_przedszkole,215.43357585378521,35,1.0,0.9999999999999993,0.9999999999999998
A007,54.38791243669086,18.60920027454478,szpital_przychodnia,327.1468854621458,8,1.0,0.9996645373720975,0.999865814948839
A007,54.38791243669086,18.60920027454478,uczelnia,1011.6737463080511,2,0.4883262536919489,0.8646647167633873,0.6388616389205243
A007,54.38791243669086,18.60920027454478,weterynarz,417.3405790913673,6,1.0,0.9975212478233336,0.9990084991293334
A008,54.320229859346554,18.672427886742202,apteka,2623.8750302939466,0,0.0,0.0,0.0
A008,54.320229859346554,18.672427886742202,bank_atm,2406.0262936347212,0,0.04698685318263938,0.0,0.028192111909583626
A008,54.320229859346554,18.672427886742202,biblioteka,2671.8622012251735,0,0.0,0.0,0.0
A008,54.320229859346554,18.672427886742202,fryzjer,2483.723505980474,0,0.008138247009763063,0.0,0.0048829482058578375
A008,54.320229859346554,18.672427886742202,kawiarnia_restauracja,2450.150411970945,0,0.0,0.0,0.0
A008,54.320229859346554,18.672427886742202,klub,3210.851575964868,0,0.0,0.0,0.0
A008,54.320229859346554,18.672427886742202,park,2416.2963872026003,0,0.04185180639869986,0.0,0.02511108383921992
A008,54.320229859346554,18.672427886742202,plac_zabaw,1809.352606677261,0,0.11915462082671184,0.0,0.0714927724960271
A008,54.320229859346554,18.672427886742202,przystanek_autobus,390.9579826268538,5,0.8700600248187803,0.9179150013761012,0.8892020154417086
A008,54.320229859346554,18.672427886742202,przystanek_tramwaj,2763.6820509765057,0,0.0,0.0,0.0
A008,54.320229859346554,18.672427886742202,pub,3310.0655542224704,0,0.0,0.0,0.0
A008,54.320229859346554,18.672427886742202,silownia,3461.7167774719696,0,0.0,0.0,0.0
A008,54.320229859346554,18.672427886742202,sklep,1515.0276255406675,0,0.3031077340370828,0.0,0.18186464042224967
A008,54.320229859346554,18.672427886742202,sklep_zoologiczny,3658.433007457926,0,0.0,0.0,0.0
A008,54.320229859346554,18.672427886742202,szkola_przedszkole,2283.641584175257,0,0.0,0.0,0.0
A008,54.320229859346554,18.672427886742202,szpital_przychodnia,2617.155849199063,0,0.0,0.0,0.0
A008,54.320229859346554,18.672427886742202,uczelnia,2868.6169820002247,0,0.0,0.0,0.0
A008,54.320229859346554,18.672427886742202,weterynarz,2441.815811493741,0,0.029092094253129516,0.0,0.01745525655187771
A009,54.353381615446665,18.585367553465925,apteka,507.2206653587777,9,0.8659741683015278,0.9888910034617577,0.9151409023656198
A009,54.353381615446665,18.585367553465925,bank_atm,339.2989052262371,13,1.0,0.9998277677440391,0.9999311070976157
A009,54.353381615446665,18.585367553465925,biblioteka,922.5799050908711,1,0.6415778832323654,0.6321205588285577,0.6377949534708423
A009,54.353381615446665,18.585367553465925,fryzjer,316.40146190774874,17,1.0,0.9999880327084439,0.9999952130833776
A009,54.353381615446665,18.585367553465925,kawiarnia_restauracja,274.9295106328091,18,1.0,0.9999938557876467,0.9999975423150587
A009,54.353381615446665,18.585367553465925,klub,2746.538933306697,0,0.0,0.0,0.0
A009,54.353381615446665,18.585367553465925,park,182.71821973226244,6,1.0,0.9816843611112658,0.9926737444445063
A009,54.353381615446665,18.585367553465925,plac_zabaw,146.40749563682783,78,1.0,1.0,1.0
A009,54.353381615446665,18.585367553465925,przystanek_autobus,340.6440135822631,35,0.9419371234539098,0.9999999748900085,0.9651622640283493
A009,54.353381615446665,18.585367553465925,przystanek_tramwaj,311.9265471197986,16,1.0,0.9999766908988571,0.9999906763595429
A009,54.353381615446665,18.585367553465925,pub,790.9836237593373,1,0.7877959736007363,0.6321205588285577,0.7255258076918648
A009,54.353381615446665,18.585367553465925,silownia,616.6549907542673,4,0.8833450092457328,0.9305165487771985,0.902213625058319
A009,54.353381615446665,18.585367553465925,sklep,217.03455450654266,47,1.0,0.9999999999377586,0.9999999999751035
A009,54.353381615446665,18.585367553465925,sklep_zoologiczny,440.15233885428785,2,1.0,0.8646647167633873,0.9458658867053549
A009,54.353381615446665,18.585367553465925,szkola_przedszkole,124.1341498783077,26,1.0,0.9999999999948909,0.9999999999979563
A009,54.353381615446665,18.585367553465925,szpital_przychodnia,340.0033009380952,2,1.0,0.8646647167633873,0.9458658867053549
A009,54.353381615446665,18.585367553465925,uczelnia,2361.9976524906965,0,0.06900117375465174,0.0,0.04140070425279104
A009,54.353381615446665,18.585367553465925,weterynarz,467.7208971488686,3,1.0,0.950212931632136,0.9800851726528544
A010,54.34519450454841,18.59501701322204,apteka,817.9417354883676,2,0.4775728306395405,0.6321205588285577,0.5393919219151473
A010,54.34519450454841,18.59501701322204,bank_atm,496.4320541024089,7,1.0,0.9905964374485048,0.9962385749794019
A010,54.34519450454841,18.59501701322204,biblioteka,1190.9240299931362,1,0.3434177444520709,0.6321205588285577,0.4588988702026656
A010,54.34519450454841,18.59501701322204,fryzjer,775.3911376651473,7,0.8051209581498363,0.9905964374485048,0.8793111498693037
A010,54.34519450454841,18.59501701322204,kawiarnia_restauracja,691.7487155771906,7,0.6353141055285118,0.9905964374485048,0.7774270382965089
A010,54.34519450454841,18.59501701322204,klub,2818.3048356556474,0,0.0,0.0,0.0
A010,54.34519450454841,18.59501701322204,park,615.7763789506836,2,0.982470690054796,0.7364028618842733,0.8840435587865869
A010,54.34519450454841,18.59501701322204,plac_zabaw,186.0880738895568,54,1.0,1.0,1.0
A010,54.34519450454841,18.59501701322204,przystanek_autobus,81.49216930438853,42,1.0,0.999999999241744,0.9999999996966976
A010,54.34519450454841,18.59501701322204,przystanek_tramwaj,709.9102241503338,9,0.6126122198120828,0.9975212478233336,0.7665758310165831
A010,54.34519450454841,18.59501701322204,pub,1668.4717459720289,0,0.4157641270139856,0.0,0.24945847620839134
A010,54.34519450454841,18.59501701322204,silownia,493.69564472262164,4,1.0,0.9305165487771985,0.9722066195108794
A010,54.34519450454841,18.59501701322204,sklep,20.990808727005838,31,1.0,0.9999998144608637,0.9999999257843455
A010,54.34519450454841,18.59501701322204,sklep_zoologiczny,759.9658854303335,1,0.8222601272996294,0.6321205588285577,0.7462042999112006
A010,54.34519450454841,18.59501701322204,szkola_przedszkole,280.99053167824997,9,1.0,0.9998765901959134,0.9999506360783653
A010,54.34519450454841,18.59501701322204,szpital_przychodnia,765.6757828021555,1,0.5429052714973056,0.6321205588285577,0.5785913864298065
A010,54.34519450454841,18.59501701322204,uczelnia,2537.7336073579468,0,0.0,0.0,0.0
A010,54.34519450454841,18.59501701322204,weterynarz,1221.0779520774906,0,0.30991338658056594,0.0,0.18594803194833956
A011,54.40238614314759,18.564131101390952,apteka,2153.0953482960927,0,0.0,0.0,0.0
A011,54.40238614314759,18.564131101390952,bank_atm,1503.6139510480393,0,0.49819302447598035,0.0,0.2989158146855882
A011,54.40238614314759,18.564131101390952,biblioteka,895.747297679584,1,0.6713918914671289,0.6321205588285577,0.6556833584117003
A011,54.40238614314759,18.564131101390952,fryzjer,2136.0122148076634,0,0.18199389259616827,0.0,0.10919633555770096
A011,54.40238614314759,18.564131101390952,kawiarnia_restauracja,1381.8056280706069,0,0.3863714824558707,0.0,0.23182288947352242
A011,54.40238614314759,18.564131101390952,klub,4840.443087277513,0,0.0,0.0,0.0
A011,54.40238614314759,18.564131101390952,park,1056.1748807618694,1,0.49313902137570065,0.486582880967408,0.49051656521238357
A011,54.40238614314759,18.564131101390952,plac_zabaw,1134.086052668515,1,0.0941627819021213,0.6321205588285577,0.30934589267269585
A011,54.40238614314759,18.564131101390952,przystanek_autobus,889.5842873899513,2,0.15773673230006954,0.6321205588285577,0.3474902629114648
A011,54.40238614314759,18.564131101390952,przystanek_tramwaj,102.23117703258069,11,1.0,0.9993466080201326,0.9997386432080531
A011,54.40238614314759,18.564131101390952,pub,997.6705393003111,1,0.5581438452218765,0.6321205588285577,0.587734530664549
A011,54.40238614314759,18.564131101390952,silownia,2020.4103049381315,0,0.23979484753093425,0.0,0.14387690851856055
A011,54.40238614314759,18.564131101390952,sklep,1382.0552322518934,0,0.38621547984256666,0.0,0.23172928790553998
A011,54.40238614314759,18.564131101390952,sklep_zoologiczny,2159.275948128573,0,0.1703620259357135,0.0,0.1022172155614281
A011,54.40238614314759,18.564131101390952,szkola_przedszkole,1405.9457715696162,0,0.3712838927689899,0.0,0.22277033566139393
A011,54.40238614314759,18.564131101390952,szpital_przychodnia,2120.262200881247,0,0.0,0.0,0.0
A011,54.40238614314759,18.564131101390952,uczelnia,918.9273649745853,1,0.5810726350254147,0.6321205588285577,0.601491804546672
A011,54.40238614314759,18.564131101390952,weterynarz,2180.421393632386,0,0.15978930318380707,0.0,0.09587358191028424
A012,54.37328458121305,18.689179115577563,apteka,1851.5411408659763,0,0.0927867869587648,0.0,0.05567207217525888
A012,54.37328458121305,18.689179115577563,bank_atm,1797.9592044122269,0,0.35102039779388655,0.0,0.21061223867633191
A012,54.37328458121305,18.689179115577563,biblioteka,2008.2758390288336,0,0.2458620804855832,0.0,0.1475172482913499
A012,54.37328458121305,18.689179115577563,fryzjer,1911.4475170521494,0,0.29427624147392534,0.0,0.1765657448843552
A012,54.37328458121305,18.689179115577563,kawiarnia_restauracja,1876.2569103382832,0,0.07733943103857299,0.0,0.046403658623143794
A012,54.37328458121305,18.689179115577563,klub,2809.6518237082996,0,0.0,0.0,0.0
A012,54.37328458121305,18.689179115577563,park,1881.0684530896706,0,0.3094657734551647,0.0,0.1856794640730988
A012,54.37328458121305,18.689179115577563,plac_zabaw,652.4834813767272,1,0.782166455176104,0.6321205588285577,0.7221480966370855
A012,54.37328458121305,18.689179115577563,przystanek_autobus,122.87013032290578,13,1.0,0.9984965608070224,0.999398624322809
A012,54.37328458121305,18.689179115577563,przystanek_tramwaj,2622.4011325258166,0,0.0,0.0,0.0
A012,54.37328458121305,18.689179115577563,pub,2790.4333363909136,0,0.0,0.0,0.0
A012,54.37328458121305,18.689179115577563,silownia,2372.5448714286545,0,0.06372756428567276,0.0,0.038236538571403654
A012,54.37328458121305,18.689179115577563,sklep,1668.9522402412847,0,0.20690484984919708,0.0,0.12414290990951823
A012,54.37328458121305,18.689179115577563,sklep_zoologiczny,3213.572414236535,0,0.0,0.0,0.0
A012,54.37328458121305,18.689179115577563,szkola_przedszkole,667.2583731690866,1,0.7610594669013049,0.6321205588285577,0.709483903672206
A012,54.37328458121305,18.689179115577563,szpital_przychodnia,2085.8089813027846,0,0.0,0.0,0.0
A012,54.37328458121305,18.689179115577563,uczelnia,2317.7775673194174,0,0.09111121634029132,0.0,0.054666729804174787
A012,54.37328458121305,18.689179115577563,weterynarz,2861.3278436603505,0,0.0,0.0,0.0
A013,54.39168744367855,18.66959754379156,apteka,1678.00172960181,0,0.20124891899886876,0.0,0.12074935139932125
A013,54.39168744367855,18.66959754379156,bank_atm,2362.1023317465374,0,0.06894883412673129,0.0,0.041369300476038776
A013,54.39168744367855,18.66959754379156,biblioteka,2857.3049147883667,0,0.0,0.0,0.0
A013,54.39168744367855,18.66959754379156,fryzjer,1464.0575830372918,0,0.03993601884745355,0.0,0.023961611308472127
A013,54.39168744367855,18.66959754379156,kawiarnia_restauracja,1488.7811344108168,0,0.3195117909932395,0.0,0.1917070745959437
A013,54.39168744367855,18.66959754379156,klub,3312.2502490434085,0,0.0,0.0,0.0
A013,54.39168744367855,18.66959754379156,park,572.4737324583695,2,1.0,0.7364028618842733,0.8945611447537093
A013,54.39168744367855,18.66959754379156,plac_zabaw,542.0606260291221,2,0.9399133913869684,0.8646647167633873,0.909813921537536
A013,54.39168744367855,18.66959754379156,przystanek_autobus,537.4324819704146,5,0.6608107400422648,0.9179150013761012,0.7636524445757993
A013,54.39168744367855,18.66959754379156,przystanek_tramwaj,773.8850792203021,4,0.5326436509746223,0.9305165487771985,0.6917928100956527
A013,54.39168744367855,18.66959754379156,pub,1886.330199446504,0,0.30683490027674803,0.0,0.1841009401660488
A013,54.39168744367855,18.66959754379156,silownia,3779.412609430371,0,0.0,0.0,0.0
A013,54.39168744367855,18.66959754379156,sklep,1434.3071745530747,0,0.35355801590432834,0.0,0.212134809542597
A013,54.39168744367855,18.66959754379156,sklep_zoologiczny,3771.5930999544344,0,0.0,0.0,0.0
A013,54.39168744367855,18.66959754379156,szkola_przedszkole,1595.9199391339696,0,0.252550038041269,0.0,0.1515300228247614
A013,54.39168744367855,18.66959754379156,szpital_przychodnia,1498.3119015643076,0,0.3135550615223077,0.0,0.18813303691338462
A013,54.39168744367855,18.66959754379156,uczelnia,303.75824938472687,1,1.0,0.6321205588285577,0.852848223531423
A013,54.39168744367855,18.66959754379156,weterynarz,3649.062627515998,0,0.0,0.0,0.0
A014,54.35266444121407,18.676064316449118,apteka,570.0416541414365,5,0.7874479323232043,0.9179150013761012,0.839634759944363
A014,54.35266444121407,18.676064316449118,bank_atm,738.2555484090499,8,0.8463827239899446,0.9951720500061686,0.9058984543964342
A014,54.35266444121407,18.676064316449118,biblioteka,577.4657687629282,1,1.0,0.6321205588285577,0.852848223531423
A014,54.35266444121407,18.676064316449118,fryzjer,481.1737910943628,3,1.0,0.8646647167633873,0.9458658867053549
A014,54.35266444121407,18.676064316449118,kawiarnia_restauracja,600.3198277303505,39,0.7496002153370618,0.9999999999948909,0.8497601292001935
A014,54.35266444121407,18.676064316449118,klub,1240.9743410737613,0,0.28780628769582084,0.0,0.1726837726174925
A014,54.35266444121407,18.676064316449118,park,455.9660507569342,7,1.0,0.9905964374485048,0.9962385749794019
A014,54.35266444121407,18.676064316449118,plac_zabaw,159.61949203065913,28,1.0,0.9999999999993086,0.9999999999997234
A014,54.35266444121407,18.676064316449118,przystanek_autobus,242.57158742794886,33,1.0,0.9999999317439663,0.9999999726975866
A014,54.35266444121407,18.676064316449118,przystanek_tramwaj,307.028518720927,5,1.0,0.9643260066527476,0.985730402661099
A014,54.35266444121407,18.676064316449118,pub,1079.5760674926232,3,0.4671377027859742,0.950212931632136,0.660367794324439
A014,54.35266444121407,18.676064316449118,silownia,846.6209948729968,1,0.6533790051270032,0.486582880967408,0.5866605554631652
A014,54.35266444121407,18.676064316449118,sklep,407.0394739772037,28,0.9912006575284954,0.9999991684712809,0.9947200619056096
A014,54.35266444121407,18.676064316449118,sklep_zoologiczny,1551.5397867903123,0,0.4742301066048439,0.0,0.2845380639629063
A014,54.35266444121407,18.676064316449118,szkola_przedszkole,145.7552819366456,8,1.0,0.9996645373720975,0.999865814948839
A014,54.35266444121407,18.676064316449118,szpital_przychodnia,1719.2392071090346,0,0.17547549555685335,0.0,0.105285297334112
A014,54.35266444121407,18.676064316449118,uczelnia,566.775394322398,2,0.933224605677602,0.8646647167633873,0.9058006501119162
A014,54.35266444121407,18.676064316449118,weterynarz,421.3994092447025,1,1.0,0.6321205588285577,0.852848223531423
A015,54.330426735479946,18.688185332315346,apteka,2261.1841169488935,0,0.0,0.0,0.0
A015,54.330426735479946,18.688185332315346,bank_atm,2075.616956292379,0,0.2121915218538104,0.0,0.12731491311228624
A015,54.330426735479946,18.688185332315346,biblioteka,2807.829207863542,0,0.0,0.0,0.0
A015,54.330426735479946,18.688185332315346,fryzjer,2080.3813833207873,0,0.20980930833960634,0.0,0.1258855850037638
A015,54.330426735479946,18.688185332315346,kawiarnia_restauracja,2125.3340306322298,0,0.0,0.0,0.0
A015,54.330426735479946,18.688185332315346,klub,2795.328085929873,0,0.0,0.0,0.0
A015,54.330426735479946,18.688185332315346,park,1958.3125399311796,0,0.2708437300344102,0.0,0.16250623802064612
A015,54.330426735479946,18.688185332315346,plac_zabaw,943.7331586590898,1,0.36609548762987176,0.6321205588285577,0.4725055161093461
A015,54.330426735479946,18.688185332315346,przystanek_autobus,933.6041065272532,5,0.09485127638963832,0.9179150013761012,0.4240767663842234
A015,54.330426735479946,18.688185332315346,przystanek_tramwaj,2198.9702049806724,0,0.0,0.0,0.0
A015,54.330426735479946,18.688185332315346,pub,2751.5009428292237,0,0.0,0.0,0.0
A015,54.330426735479946,18.688185332315346,silownia,3309.3931505893815,0,0.0,0.0,0.0
A015,54.330426735479946,18.688185332315346,sklep,1152.2483772231421,1,0.05968952847107232,0.3934693402873666,0.19320145319759002
A015,54.330426735479946,18.688185332315346,sklep_zoologiczny,3459.228211174566,0,0.0,0.0,0.0
A015,54.330426735479946,18.688185332315346,szkola_przedszkole,1689.0081622030111,0,0.19436989862311804,0.0,0.11662193917387081
A015,54.330426735479946,18.688185332315346,szpital_przychodnia,2532.6489421755937,0,0.0,0.0,0.0
A015,54.330426735479946,18.688185332315346,uczelnia,2073.6807613296596,0,0.2131596193351702,0.0,0.1278957716011021
A015,54.330426735479946,18.688185332315346,weterynarz,2129.4697596118995,0,0.18526512019405028,0.0,0.11115907211643017
A016,54.364100423038856,18.636563905187177,apteka,128.98289390163546,8,1.0,0.9816843611112658,0.9926737444445063
A016,54.364100423038856,18.636563905187177,bank_atm,542.7047930047506,15,1.0,0.9999546000702375,0.999981840028095
A016,54.364100423038856,18.636563905187177,biblioteka,535.0417386779067,7,1.0,0.9990881180344455,0.9996352472137782
A016,54.364100423038856,18.636563905187177,fryzjer,217.3552896236375,8,1.0,0.9951720500061686,0.9980688200024674
A016,54.364100423038856,18.636563905187177,kawiarnia_restauracja,184.49138858758312,40,1.0,0.9999999999973769,0.9999999999989507
A016,54.364100423038856,18.636563905187177,klub,593.7995146717261,4,1.0,0.9816843611112658,0.9926737444445063
A016,54.364100423038856,18.636563905187177,park,357.6875247102899,13,1.0,0.9998277677440391,0.9999311070976157
A016,54.364100423038856,18.636563905187177,plac_zabaw,232.0228109984749,24,1.0,0.9999999999622486,0.9999999999848994
A016,54.364100423038856,18.636563905187177,przystanek_autobus,270.68891701247213,48,1.0,0.9999999999622486,0.9999999999848994
A016,54.364100423038856,18.636563905187177,przystanek_tramwaj,115.95537167737436,22,1.0,0.9999995730789206,0.9999998292315683
A016,54.364100423038856,18.636563905187177,pub,793.3260084308279,2,0.7851933239657468,0.8646647167633873,0.8169818810848031
A016,54.364100423038856,18.636563905187177,silownia,1152.4069523448034,2,0.34759304765519666,0.7364028618842733,0.5031169733468273
A016,54.364100423038856,18.636563905187177,sklep,203.60341506867002,26,1.0,0.999997739670593,0.9999990958682372
A016,54.364100423038856,18.636563905187177,sklep_zoologiczny,1171.2942728397686,1,0.36522858573359046,0.6321205588285577,0.47198537497157733
A016,54.364100423038856,18.636563905187177,szkola_przedszkole,489.29481992177796,7,1.0,0.9990881180344455,0.9996352472137782
A016,54.364100423038856,18.636563905187177,szpital_przychodnia,96.31590356594604,12,1.0,0.9999938557876467,0.9999975423150587
A016,54.364100423038856,18.636563905187177,uczelnia,214.21507444860225,4,1.0,0.9816843611112658,0.9926737444445063
A016,54.364100423038856,18.636563905187177,weterynarz,1063.6610851910357,1,0.4848210164544048,0.6321205588285577,0.5437408334040659
A017,54.313615770082016,18.654180783423687,apteka,1775.3832870268425,0,0.14038544560822344,0.0,0.08423126736493407
A017,54.313615770082016,18.654180783423687,bank_atm,1589.995409656515,0,0.4550022951717425,0.0,0.2730013771030455
A017,54.313615770082016,18.654180783423687,biblioteka,1781.8073512079925,0,0.35909632439600375,0.0,0.21545779463760226
A017,54.313615770082016,18.654180783423687,fryzjer,2379.637990037178,0,0.06018100498141098,0.0,0.036108602988846585
A017,54.313615770082016,18.654180783423687,kawiarnia_restauracja,1609.2284522284558,0,0.24423221735721512,0.0,0.14653933041432907
A017,54.313615770082016,18.654180783423687,klub,3784.0384496589654,0,0.0,0.0,0.0
A017,54.313615770082016,18.654180783423687,park,1543.3185539362012,0,0.4783407230318994,0.0,0.28700443381913965
A017,54.313615770082016,18.654180783423687,plac_zabaw,1503.5351772126455,0,0.3102905142420965,0.0,0.1861743085452579
A017,54.313615770082016,18.654180783423687,przystanek_autobus,1457.471784655947,0,0.21408013459003314,0.0,0.12844808075401987
A017,54.313615770082016,18.654180783423687,przystanek_tramwaj,3260.081067431406,0,0.0,0.0,0.0
A017,54.313615770082016,18.654180783423687,pub,2961.788162473625,0,0.0,0.0,0.0
A017,54.313615770082016,18.654180783423687,silownia,3006.9881006657097,0,0.0,0.0,0.0
A017,54.313615770082016,18.654180783423687,sklep,1409.212950451084,0,0.3692419059680725,0.0,0.22154514358084348
A017,54.313615770082016,18.654180783423687,sklep_zoologiczny,2796.744646338718,0,0.0,0.0,0.0
A017,54.313615770082016,18.654180783423687,szkola_przedszkole,1313.7693897653528,0,0.4288941313966545,0.0,0.2573364788379927
A017,54.313615770082016,18.654180783423687,szpital_przychodnia,1723.1206520925634,0,0.17304959244214785,0.0,0.1038297554652887
A017,54.313615770082016,18.654180783423687,uczelnia,2445.007839785237,0,0.02749608010738143,0.0,0.016497648064428858
A017,54.313615770082016,18.654180783423687,weterynarz,3092.965724767121,0,0.0,0.0,0.0
A018,54.392188369201605,18.585374693951675,apteka,543.188312197674,9,0.8210146097529075,0.9888910034617577,0.8881651672364477
A018,54.392188369201605,18.585374693951675,bank_atm,331.6259499936283,8,1.0,0.9951720500061686,0.9980688200024674
A018,54.392188369201605,18.585374693951675,biblioteka,706.0506011625372,3,0.882165998708292,0.950212931632136,0.9093847718778296
A018,54.392188369201605,18.585374693951675,fryzjer,557.6357351325937,25,1.0,0.9999999422225148,0.9999999768890059
A018,54.392188369201605,18.585374693951675,kawiarnia_restauracja,336.0914588884227,44,1.0,0.9999999999998177,0.9999999999999271
A018,54.392188369201605,18.585374693951675,klub,3079.479888609401,0,0.0,0.0,0.0
A018,54.392188369201605,18.585374693951675,park,362.15219575089293,14,1.0,0.9999115730113401,0.9999646292045361
A018,54.392188369201605,18.585374693951675,plac_zabaw,304.4669897878275,51,1.0,1.0,1.0
A018,54.392188369201605,18.585374693951675,przystanek_autobus,130.10426683831764,32,1.0,0.9999998874648253,0.9999999549859301
A018,54.392188369201605,18.585374693951675,przystanek_tramwaj,451.911094960927,17,0.9351111312988413,0.9999880327084439,0.9610618918626823
A018,54.392188369201605,18.585374693951675,pub,523.4136378564617,5,1.0,0.9932620530009145,0.9973048212003658
A018,54.392188369201605,18.585374693951675,silownia,245.74339784808237,3,1.0,0.8646647167633873,0.9458658867053549
A018,54.392188369201605,18.585374693951675,sklep,439.01410704025335,39,0.9512323661996834,0.9999999966017322,0.9707394183605029
A018,54.392188369201605,18.585374693951675,sklep_zoologiczny,550.146988976127,6,1.0,0.9975212478233336,0.9990084991293334
A018,54.392188369201605,18.585374693951675,szkola_przedszkole,247.19293724257278,24,1.0,0.9999999999622486,0.9999999999848994
A018,54.392188369201605,18.585374693951675,szpital_przychodnia,355.3047677999498,2,1.0,0.8646647167633873,0.9458658867053549
A018,54.392188369201605,18.585374693951675,uczelnia,312.23592553455666,2,1.0,0.8646647167633873,0.9458658867053549
A018,54.392188369201605,18.585374693951675,weterynarz,646.6993421441356,3,0.9481118420620716,0.950212931632136,0.9489522778900974
A019,54.37202950803762,18.581321676605942,apteka,1391.2129238649836,0,0.38049192258438524,0.0,0.22829515355063112
A019,54.37202950803762,18.581321676605942,bank_atm,847.2075405154694,2,0.7253249549828118,0.7364028618842733,0.7297561177433964
A019,54.37202950803762,18.581321676605942,biblioteka,1463.2238824373496,0,0.0408623528473893,0.0,0.024517411708433582
A019,54.37202950803762,18.581321676605942,fryzjer,969.7972132161619,6,0.5891142075375978,0.9816843611112658,0.7461422689670649
A019,54.37202950803762,18.581321676605942,kawiarnia_restauracja,848.3228203053234,13,0.4395964746183458,0.9998277677440391,0.6636889918686232
A019,54.37202950803762,18.581321676605942,klub,2218.105883236595,0,0.14094705838170238,0.0,0.08456823502902143
A019,54.37202950803762,18.581321676605942,park,997.779550173498,1,0.5580227220294467,0.486582880967408,0.5294467856046312
A019,54.37202950803762,18.581321676605942,plac_zabaw,485.6260570074532,23,1.0,0.9999999998973812,0.9999999999589525
A019,54.37202950803762,18.581321676605942,przystanek_autobus,659.9880724066677,22,0.48573132513333184,0.9999832982992097,0.691432114399683
A019,54.37202950803762,18.581321676605942,przystanek_tramwaj,802.7967502913694,3,0.4965040621357882,0.8646647167633873,0.6437683239868279
A019,54.37202950803762,18.581321676605942,pub,1091.027471956978,1,0.4544139200478023,0.6321205588285577,0.5254965755601044
A019,54.37202950803762,18.581321676605942,silownia,1368.3487861761937,0,0.1316512138238063,0.0,0.07899072829428377
A019,54.37202950803762,18.581321676605942,sklep,680.8143738295992,10,0.648982032713001,0.9932620530009145,0.7866940408281664
A019,54.37202950803762,18.581321676605942,sklep_zoologiczny,748.7659561006928,1,0.8347044932214523,0.6321205588285577,0.7536709194642945
A019,54.37202950803762,18.581321676605942,szkola_przedszkole,613.5189289194964,10,0.8378301015435766,0.9999546000702375,0.902679900954241
A019,54.37202950803762,18.581321676605942,szpital_przychodnia,536.9629705191595,1,0.8287962868510506,0.6321205588285577,0.7501259956420534
A019,54.37202950803762,18.581321676605942,uczelnia,1263.56187849311,0,0.23643812150688995,0.0,0.14186287290413396
A019,54.37202950803762,18.581321676605942,weterynarz,735.0735557127106,2,0.8499182714303216,0.8646647167633873,0.8558168495635479
A020,54.3850345218011,18.670167329953344,apteka,2037.351535568219,0,0.0,0.0,0.0
A020,54.3850345218011,18.670167329953344,bank_atm,1816.6802314027564,0,0.3416598842986218,0.0,0.2049959305791731
A020,54.3850345218011,18.670167329953344,biblioteka,2833.5843788177826,0,0.0,0.0,0.0
A020,54.3850345218011,18.670167329953344,fryzjer,1793.3415725893856,0,0.35332921370530723,0.0,0.21199752822318432
A020,54.3850345218011,18.670167329953344,kawiarnia_restauracja,1832.9965765695724,0,0.10437713964401724,0.0,0.06262628378641034
A020,54.3850345218011,18.670167329953344,klub,2675.4127182299867,0,0.0,0.0,0.0
A020,54.3850345218011,18.670167329953344,park,1299.8317922579367,0,0.22240911971340363,0.0,0.13344547182804217
A020,54.3850345218011,18.670167329953344,plac_zabaw,1264.405486513243,0,0.45974657092922316,0.0,0.27584794255753387
A020,54.3850345218011,18.670167329953344,przystanek_autobus,848.7302039863758,9,0.21609970859089164,0.9888910034617577,0.525216226539238
A020,54.3850345218011,18.670167329953344,przystanek_tramwaj,1130.5897520083115,2,0.08676280998961061,0.7364028618842733,0.3466188307474757
A020,54.3850345218011,18.670167329953344,pub,2035.353604164076,0,0.23232319791796202,0.0,0.1393939187507772
A020,54.3850345218011,18.670167329953344,silownia,3126.0002662361376,0,0.0,0.0,0.0
A020,54.3850345218011,18.670167329953344,sklep,1702.627284241426,0,0.18585794734910877,0.0,0.11151476840946525
A020,54.3850345218011,18.670167329953344,sklep_zoologiczny,3468.2023220940846,0,0.0,0.0,0.0
A020,54.3850345218011,18.670167329953344,szkola_przedszkole,1884.3655503049297,0,0.07227153105941894,0.0,0.043362918635651365
A020,54.3850345218011,18.670167329953344,szpital_przychodnia,1816.1441634951925,0,0.11490989781550467,0.0,0.06894593868930281
A020,54.3850345218011,18.670167329953344,uczelnia,840.1513337147657,1,0.6598486662852343,0.6321205588285577,0.6487574233025637
A020,54.3850345218011,18.670167329953344,weterynarz,3215.6080928746223,0,0.0,0.0,0.0
A021,54.34352061812867,18.638517743943478,apteka,658.3146349526002,8,0.6771067063092499,0.9816843611112658,0.7989377682300562
A021,54.34352061812867,18.638517743943478,bank_atm,634.4307731228889,35,0.9617435854190123,0.9999999999264704,0.9770461512219955
A021,54.34352061812867,18.638517743943478,biblioteka,925.6183910194871,1,0.6382017877561253,0.6321205588285577,0.6357692961850983
A021,54.34352061812867,18.638517743943478,fryzjer,695.3525250170735,10,0.8940527499810295,0.9987273661986602,0.9359225964680817
A021,54.34352061812867,18.638517743943478,kawiarnia_restauracja,643.1296374911452,94,0.6960879531360685,1.0,0.8176527718816411
A021,54.34352061812867,18.638517743943478,klub,984.207834861411,3,0.5731024057095433,0.950212931632136,0.7239466160785804
A021,54.34352061812867,18.638517743943478,park,404.5246957385465,13,1.0,0.9998277677440391,0.9999311070976157
A021,54.34352061812867,18.638517743943478,plac_zabaw,210.7205756140349,42,1.0,1.0,1.0
A021,54.34352061812867,18.638517743943478,przystanek_autobus,272.23162188876495,56,1.0,0.9999999999993086,0.9999999999997234
A021,54.34352061812867,18.638517743943478,przystanek_tramwaj,577.532517363519,24,0.7780843532956012,0.9999998874648253,0.8668505669632909
A021,54.34352061812867,18.638517743943478,pub,870.17176098857,10,0.6998091544571444,0.9999546000702375,0.8198673327023817
A021,54.34352061812867,18.638517743943478,silownia,406.19251294254565,2,1.0,0.7364028618842733,0.8945611447537093
A021,54.34352061812867,18.638517743943478,sklep,243.30431325765483,47,1.0,0.9999999999377586,0.9999999999751035
A021,54.34352061812867,18.638517743943478,sklep_zoologiczny,694.0479465661904,1,0.8955022815931218,0.6321205588285577,0.7901495924872961
A021,54.34352061812867,18.638517743943478,szkola_przedszkole,364.632160667685,18,1.0,0.9999999847700203,0.9999999939080081
A021,54.34352061812867,18.638517743943478,szpital_przychodnia,474.0271370012096,8,0.907466078748488,0.9996645373720975,0.9443454621979317
A021,54.34352061812867,18.638517743943478,uczelnia,533.9445866745134,2,0.9660554133254866,0.8646647167633873,0.9254991347006469
A021,54.34352061812867,18.638517743943478,weterynarz,1116.395838643717,1,0.42622684595142546,0.6321205588285577,0.5085843311022783
A022,54.40690548053891,18.653618538961542,apteka,1371.0409569556043,0,0.3930994019027473,0.0,0.23585964114164837
A022,54.40690548053891,18.653618538961542,bank_atm,2832.161758511419,0,0.0,0.0,0.0
A022,54.40690548053891,18.653618538961542,biblioteka,2822.9780052997794,0,0.0,0.0,0.0
A022,54.40690548053891,18.653618538961542,fryzjer,1325.104671278622,0,0.1943281430237534,0.0,0.11659688581425204
A022,54.40690548053891,18.653618538961542,kawiarnia_restauracja,1425.2511785165602,0,0.3592180134271499,0.0,0.2155308080562899
A022,54.40690548053891,18.653618538961542,klub,4087.623363802952,0,0.0,0.0,0.0
A022,54.40690548053891,18.653618538961542,park,1344.4737477342928,0,0.17280694696189686,0.0,0.10368416817713812
A022,54.40690548053891,18.653618538961542,plac_zabaw,1306.2441648453594,0,0.4335973969716504,0.0,0.2601584381829902
A022,54.40690548053891,18.653618538961542,przystanek_autobus,1657.9982925492116,0,0.08875106715674277,0.0,0.053250640294045665
A022,54.40690548053891,18.653618538961542,przystanek_tramwaj,1248.468960697879,0,0.46970689956382555,0.0,0.28182413973829534
A022,54.40690548053891,18.653618538961542,pub,1956.7947658570713,0,0.2716026170714643,0.0,0.16296157024287858
A022,54.40690548053891,18.653618538961542,silownia,3357.424494920816,0,0.0,0.0,0.0
A022,54.40690548053891,18.653618538961542,sklep,1277.0368229964365,0,0.45185198562722717,0.0,0.27111119137633627
A022,54.40690548053891,18.653618538961542,sklep_zoologiczny,3351.7663031469897,0,0.0,0.0,0.0
A022,54.40690548053891,18.653618538961542,szkola_przedszkole,1371.3893506606546,0,0.3928816558370909,0.0,0.2357289935022545
A022,54.40690548053891,18.653618538961542,szpital_przychodnia,1323.8596270847097,0,0.42258773307205644,0.0,0.25355263984323384
A022,54.40690548053891,18.653618538961542,uczelnia,2107.8422087723898,0,0.19607889561380512,0.0,0.11764733736828306
A022,54.40690548053891,18.653618538961542,weterynarz,3039.374032772558,0,0.0,0.0,0.0
A023,54.39892523982939,18.685662086312654,apteka,2679.6184430317676,0,0.0,0.0,0.0
A023,54.39892523982939,18.685662086312654,bank_atm,3630.657527369824,0,0.0,0.0,0.0
A023,54.39892523982939,18.685662086312654,biblioteka,4067.9772079588356,0,0.0,0.0,0.0
A023,54.39892523982939,18.685662086312654,fryzjer,2530.916812280557,0,0.0,0.0,0.0
A023,54.39892523982939,18.685662086312654,kawiarnia_restauracja,2536.6418693871565,0,0.0,0.0,0.0
A023,54.39892523982939,18.685662086312654,klub,4516.879441528123,0,0.0,0.0,0.0
A023,54.39892523982939,18.685662086312654,park,540.9693290051398,2,1.0,0.7364028618842733,0.8945611447537093
A023,54.39892523982939,18.685662086312654,plac_zabaw,928.4469323172461,1,0.38793295383250553,0.6321205588285577,0.4856079958309264
A023,54.39892523982939,18.685662086312654,przystanek_autobus,470.367281582867,5,0.7566181691673328,0.9179150013761012,0.8211369020508401
A023,54.39892523982939,18.685662086312654,przystanek_tramwaj,1236.7664272228437,0,0.47702098298572265,0.0,0.2862125897914336
A023,54.39892523982939,18.685662086312654,pub,3052.910761799331,0,0.0,0.0,0.0
A023,54.39892523982939,18.685662086312654,silownia,4836.752386255868,0,0.0,0.0,0.0
A023,54.39892523982939,18.685662086312654,sklep,2529.4442049332456,0,0.0,0.0,0.0
A023,54.39892523982939,18.685662086312654,sklep_zoologiczny,4961.4951305538525,0,0.0,0.0,0.0
A023,54.39892523982939,18.685662086312654,szkola_przedszkole,2636.0764216500475,0,0.0,0.0,0.0
A023,54.39892523982939,18.685662086312654,szpital_przychodnia,2570.842172981002,0,0.0,0.0,0.0
A023,54.39892523982939,18.685662086312654,uczelnia,1052.1838212707285,1,0.44781617872927154,0.6321205588285577,0.521537930768986
A023,54.39892523982939,18.685662086312654,weterynarz,4733.421453609532,0,0.0,0.0,0.0
A024,54.3871223213875,18.66476404325876,apteka,1617.855665050334,0,0.23884020934354125,0.0,0.14330412560612474
A024,54.3871223213875,18.66476404325876,bank_atm,1766.0699288452165,0,0.36696503557739174,0.0,0.22017902134643505
A024,54.3871223213875,18.66476404325876,biblioteka,2500.361312571597,0,0.0,0.0,0.0
A024,54.3871223213875,18.66476404325876,fryzjer,1373.574420963472,0,0.14047286559614222,0.0,0.08428371935768533
A024,54.3871223213875,18.66476404325876,kawiarnia_restauracja,1413.4856226821128,0,0.36657148582367954,0.0,0.21994289149420773
A024,54.3871223213875,18.66476404325876,klub,2721.728607089615,0,0.0,0.0,0.0
A024,54.3871223213875,18.66476404325876,park,1154.372969653812,2,0.38403003371798655,0.7364028618842733,0.5249791649845013
A024,54.3871223213875,18.66476404325876,plac_zabaw,848.5018361353123,6,0.502140234092411,0.9975212478233336,0.70029263958478
A024,54.3871223213875,18.66476404325876,przystanek_autobus,717.8007359734885,9,0.4031418057521593,0.9888910034617577,0.6374414848359986
A024,54.3871223213875,18.66476404325876,przystanek_tramwaj,717.7042911072793,4,0.6028696361159008,0.9305165487771985,0.7339284011804199
A024,54.3871223213875,18.66476404325876,pub,1631.8911068368488,0,0.43405444658157555,0.0,0.2604326679489453
A024,54.3871223213875,18.66476404325876,silownia,3268.706433681782,0,0.0,0.0,0.0
A024,54.3871223213875,18.66476404325876,sklep,1283.4920339257806,0,0.44781747879638717,0.0,0.2686904872778323
A024,54.3871223213875,18.66476404325876,sklep_zoologiczny,3306.2163255708974,0,0.0,0.0,0.0
A024,54.3871223213875,18.66476404325876,szkola_przedszkole,1465.05104644242,0,0.33434309597348744,0.0,0.20060585758409247
A024,54.3871223213875,18.66476404325876,szpital_przychodnia,1396.2609423620422,0,0.37733691102372363,0.0,0.22640214661423416
A024,54.3871223213875,18.66476404325876,uczelnia,833.1189650204157,1,0.6668810349795844,0.6321205588285577,0.6529768445191737
A024,54.3871223213875,18.66476404325876,weterynarz,3311.596936932382,0,0.0,0.0,0.0
A025,54.32707321209846,18.65174870986049,apteka,1149.606962657505,1,0.06299129667811883,0.3934693402873666,0.19518251412181792
A025,54.32707321209846,18.65174870986049,bank_atm,1094.6472276113068,1,0.45039196932077025,0.486582880967408,0.46486833397942534
A025,54.32707321209846,18.65174870986049,biblioteka,1408.4966483511537,0,0.10167039072094035,0.0,0.06100223443256421
A025,54.32707321209846,18.65174870986049,fryzjer,1256.2653700058192,0,0.2708162555490897,0.0,0.16248975332945384
A025,54.32707321209846,18.65174870986049,kawiarnia_restauracja,1328.2394493829545,0,0.4198503441356534,0.0,0.25191020648139206
A025,54.32707321209846,18.65174870986049,klub,2306.663522484303,0,0.09666823875784848,0.0,0.058000943254709086
A025,54.32707321209846,18.65174870986049,park,1117.9631379231798,3,0.424485402307578,0.8646647167633873,0.6005571280899018
A025,54.32707321209846,18.65174870986049,plac_zabaw,896.4918211699049,4,0.4335831126144215,0.9816843611112658,0.6528236120131592
A025,54.32707321209846,18.65174870986049,przystanek_autobus,686.2492061992116,18,0.448215419715412,0.9998765901959134,0.6688798879076125
A025,54.32707321209846,18.65174870986049,przystanek_tramwaj,2066.7260367221925,0,0.0,0.0,0.0
A025,54.32707321209846,18.65174870986049,pub,2366.8954475876626,0,0.0665522762061687,0.0,0.03993136572370122
A025,54.32707321209846,18.65174870986049,silownia,2198.4296270246596,0,0.15078518648767023,0.0,0.09047111189260214
A025,54.32707321209846,18.65174870986049,sklep,817.5123397802433,10,0.47810957527469583,0.9932620530009145,0.6841705663651834
A025,54.32707321209846,18.65174870986049,sklep_zoologiczny,2336.0203828575045,0,0.08198980857124775,0.0,0.04919388514274865
A025,54.32707321209846,18.65174870986049,szkola_przedszkole,847.9928724248164,2,0.5028673251074052,0.8646647167633873,0.647586281769798
A025,54.32707321209846,18.65174870986049,szpital_przychodnia,1369.8907058933844,0,0.39381830881663477,0.0,0.23629098528998085
A025,54.32707321209846,18.65174870986049,uczelnia,1331.4772390639566,0,0.16852276093604338,0.0,0.10111365656162602
A025,54.32707321209846,18.65174870986049,weterynarz,1675.3567576141068,0,0.41232162119294663,0.0,0.24739297271576796
A026,54.35506198359978,18.65265144771326,apteka,222.98208092448627,17,1.0,0.9997965316309894,0.9999186126523958
A026,54.35506198359978,18.65265144771326,bank_atm,158.56795657698254,80,1.0,1.0,1.0
A026,54.35506198359978,18.65265144771326,biblioteka,384.2749890029792,9,1.0,0.9998765901959134,0.9999506360783653
A026,54.35506198359978,18.65265144771326,fryzjer,187.56992364150557,28,1.0,0.9999999921806677,0.999999996872267
A026,54.35506198359978,18.65265144771326,kawiarnia_restauracja,119.1712918388435,264,1.0,1.0,1.0
A026,54.35506198359978,18.65265144771326,klub,146.98210465183425,9,1.0,0.9998765901959134,0.9999506360783653
A026,54.35506198359978,18.65265144771326,park,40.09696362031207,25,1.0,0.9999999422225148,0.9999999768890059
A026,54.35506198359978,18.65265144771326,plac_zabaw,21.05435548377861,33,1.0,0.9999999999999953,0.9999999999999981
A026,54.35506198359978,18.65265144771326,przystanek_autobus,113.93240991098158,64,1.0,0.9999999999999873,0.9999999999999949
A026,54.35506198359978,18.65265144771326,przystanek_tramwaj,461.08947228653153,27,0.9236381596418356,0.9999999847700203,0.9541828896931095
A026,54.35506198359978,18.65265144771326,pub,254.4038166094803,22,1.0,0.9999999997210532,0.9999999998884213
A026,54.35506198359978,18.65265144771326,silownia,270.4249124139043,5,1.0,0.9643260066527476,0.985730402661099
A026,54.35506198359978,18.65265144771326,sklep,150.95812440064256,76,1.0,1.0,1.0
A026,54.35506198359978,18.65265144771326,sklep_zoologiczny,190.4012645087541,3,1.0,0.950212931632136,0.9800851726528544
A026,54.35506198359978,18.65265144771326,szkola_przedszkole,43.4424904321042,18,1.0,0.9999999847700203,0.9999999939080081
A026,54.35506198359978,18.65265144771326,szpital_przychodnia,326.7384404273984,6,1.0,0.9975212478233336,0.9990084991293334
A026,54.35506198359978,18.65265144771326,uczelnia,131.9865373666447,7,1.0,0.9990881180344455,0.9996352472137782
A026,54.35506198359978,18.65265144771326,weterynarz,429.9906367518778,1,1.0,0.6321205588285577,0.852848223531423
A027,54.31155700692132,18.61170616769231,apteka,930.8487732138974,1,0.33643903348262827,0.3934693402873666,0.3592511562045236
A027,54.31155700692132,18.61170616769231,bank_atm,943.1980981124184,1,0.6186687798750907,0.486582880967408,0.5658344203120176
A027,54.31155700692132,18.61170616769231,biblioteka,1773.0300809471682,0,0.36348495952641585,0.0,0.2180909757158495
A027,54.31155700692132,18.61170616769231,fryzjer,1196.4260108057579,1,0.3373044324380468,0.486582880967408,0.3970158118497913
A027,54.31155700692132,18.61170616769231,kawiarnia_restauracja,887.3376457075451,2,0.3908279428655686,0.7364028618842733,0.5290579104730504
A027,54.31155700692132,18.61170616769231,klub,4909.072292962019,0,0.0,0.0,0.0
A027,54.31155700692132,18.61170616769231,park,484.2881053557001,1,1.0,0.486582880967408,0.7946331523869632
A027,54.31155700692132,18.61170616769231,plac_zabaw,129.20069651755944,47,1.0,1.0,1.0
A027,54.31155700692132,18.61170616769231,przystanek_autobus,378.45597778511126,24,0.8879200317355553,0.9999938557876467,0.9327495613563919
A027,54.31155700692132,18.61170616769231,przystanek_tramwaj,1274.0642149399291,0,0.4537098656625443,0.0,0.27222591939752655
A027,54.31155700692132,18.61170616769231,pub,1495.5652862033292,0,0.004927459774078721,0.0,0.002956475864447232
A027,54.31155700692132,18.61170616769231,silownia,1831.0796585690007,0,0.33446017071549966,0.0,0.20067610242929979
A027,54.31155700692132,18.61170616769231,sklep,270.6549175103578,9,1.0,0.9888910034617577,0.9955564013847031
A027,54.31155700692132,18.61170616769231,sklep_zoologiczny,1537.0656863055376,0,0.4814671568472312,0.0,0.2888802941083387
A027,54.31155700692132,18.61170616769231,szkola_przedszkole,552.885825518758,4,0.9244488206874886,0.9816843611112658,0.9473430368569994
A027,54.31155700692132,18.61170616769231,szpital_przychodnia,1792.754686997889,0,0.12952832062631942,0.0,0.07771699237579165
A027,54.31155700692132,18.61170616769231,uczelnia,2629.8774470745266,0,0.0,0.0,0.0
A027,54.31155700692132,18.61170616769231,weterynarz,1329.0752871022166,0,0.18991634766420373,0.0,0.11394980859852223
A028,54.32292253784303,18.567893562101677,apteka,1157.7335011900666,1,0.052833123512416764,0.3934693402873666,0.1890876102223967
A028,54.32292253784303,18.567893562101677,bank_atm,942.8923031122544,3,0.6190085520974952,0.8646647167633873,0.7172710179638521
A028,54.32292253784303,18.567893562101677,biblioteka,3657.2392154334752,0,0.0,0.0,0.0
A028,54.32292253784303,18.567893562101677,fryzjer,1372.9557274821152,0,0.14116030279764977,0.0,0.08469618167858986
A028,54.32292253784303,18.567893562101677,kawiarnia_restauracja,1668.4875387844183,0,0.20719528825973854,0.0,0.12431717295584312
A028,54.32292253784303,18.567893562101677,klub,5801.108959190781,0,0.0,0.0,0.0
A028,54.32292253784303,18.567893562101677,park,1601.703494533698,0,0.449148252733151,0.0,0.2694889516398906
A028,54.32292253784303,18.567893562101677,plac_zabaw,265.8882930776786,49,1.0,1.0,1.0
A028,54.32292253784303,18.567893562101677,przystanek_autobus,628.8287599008178,21,0.5302446287131175,0.9999724635506503,0.7181357626481306
A028,54.32292253784303,18.567893562101677,przystanek_tramwaj,547.9605285535285,5,0.8150493393080893,0.9643260066527476,0.8747600062459526
A028,54.32292253784303,18.567893562101677,pub,2926.781818407408,0,0.0,0.0,0.0
A028,54.32292253784303,18.567893562101677,silownia,2846.37955484599,0,0.0,0.0,0.0
A028,54.32292253784303,18.567893562101677,sklep,467.0761450987736,10,0.9161548186265329,0.9932620530009145,0.9469977123762855
A028,54.32292253784303,18.567893562101677,sklep_zoologiczny,3121.41031000597,0,0.0,0.0,0.0
A028,54.32292253784303,18.567893562101677,szkola_przedszkole,558.372900069495,5,0.9166101427578642,0.9932620530009145,0.9472709068550843
A028,54.32292253784303,18.567893562101677,szpital_przychodnia,1979.1618097036162,0,0.013023868935239874,0.0,0.007814321361143925
A028,54.32292253784303,18.567893562101677,uczelnia,4324.02445772963,0,0.0,0.0,0.0
A028,54.32292253784303,18.567893562101677,weterynarz,2135.66666337333,0,0.18216666831333508,0.0,0.10930000098800105
A029,54.37731537398986,18.633003105992206,apteka,859.9548547925116,1,0.4250564315093605,0.3934693402873666,0.41242159502056297
A029,54.37731537398986,18.633003105992206,bank_atm,137.71406116457572,9,1.0,0.9975212478233336,0.9990084991293334
A029,54.37731537398986,18.633003105992206,biblioteka,1184.1338660218928,1,0.3509623710867858,0.6321205588285577,0.4634256461834945
A029,54.37731537398986,18.633003105992206,fryzjer,575.0294801645861,17,1.0,0.9999880327084439,0.9999952130833776
A029,54.37731537398986,18.633003105992206,kawiarnia_restauracja,240.84181273519022,16,1.0,0.9999766908988571,0.9999906763595429
A029,54.37731537398986,18.633003105992206,klub,576.9352765855681,1,1.0,0.6321205588285577,0.852848223531423
A029,54.37731537398986,18.633003105992206,park,432.61902971853806,13,1.0,0.9998277677440391,0.9999311070976157
A029,54.37731537398986,18.633003105992206,plac_zabaw,170.3750171624796,15,1.0,0.9999996940976795,0.9999998776390718
A029,54.37731537398986,18.633003105992206,przystanek_autobus,100.492482143777,32,1.0,0.9999998874648253,0.9999999549859301
A029,54.37731537398986,18.633003105992206,przystanek_tramwaj,71.5863708104822,32,1.0,0.9999999994566858,0.9999999997826743
A029,54.37731537398986,18.633003105992206,pub,479.7698182918429,5,1.0,0.9932620530009145,0.9973048212003658
A029,54.37731537398986,18.633003105992206,silownia,953.7287411112735,1,0.5462712588887265,0.486582880967408,0.5223959077201992
A029,54.37731537398986,18.633003105992206,sklep,37.287742504073364,34,1.0,0.9999999586006229,0.9999999834402491
A029,54.37731537398986,18.633003105992206,sklep_zoologiczny,1122.8224617941007,1,0.4190861535621103,0.6321205588285577,0.5042999156686893
A029,54.37731537398986,18.633003105992206,szkola_przedszkole,242.48936443020767,9,1.0,0.9998765901959134,0.9999506360783653
A029,54.37731537398986,18.633003105992206,szpital_przychodnia,976.3077912647864,2,0.279615260919017,0.8646647167633873,0.5136350432567651
A029,54.37731537398986,18.633003105992206,uczelnia,559.495955950865,5,0.940504044049135,0.9932620530009145,0.9616072476298468
A029,54.37731537398986,18.633003105992206,weterynarz,1390.4980242066454,0,0.12166886199261626,0.0,0.07300131719556975
A030,54.38366373532833,18.597371236770865,apteka,202.4807534850676,24,1.0,0.9999938557876467,0.9999975423150587
A030,54.38366373532833,18.597371236770865,bank_atm,181.75940512475094,47,1.0,0.9999999999999754,0.9999999999999901
A030,54.38366373532833,18.597371236770865,biblioteka,945.7557973994121,4,0.615826891778431,0.9816843611112658,0.7621698795115649
A030,54.38366373532833,18.597371236770865,fryzjer,200.54926162388034,72,1.0,1.0,1.0
A030,54.38366373532833,18.597371236770865,kawiarnia_restauracja,166.39063867172777,116,1.0,1.0,1.0
A030,54.38366373532833,18.597371236770865,klub,1853.9785206663787,0,0.32301073966681065,0.0,0.19380644380008638
A030,54.38366373532833,18.597371236770865,park,43.17604284400278,23,1.0,0.9999997808114094,0.9999999123245638
A030,54.38366373532833,18.597371236770865,plac_zabaw,90.7311342602798,61,1.0,1.0,1.0
A030,54.38366373532833,18.597371236770865,przystanek_autobus,36.352138137467556,51,1.0,0.9999999999915765,0.9999999999966306
A030,54.38366373532833,18.597371236770865,przystanek_tramwaj,163.62398894964088,20,1.0,0.9999983804032077,0.9999993521612831
A030,54.38366373532833,18.597371236770865,pub,648.4603144469256,7,0.9461552061700826,0.9990881180344455,0.9673283709158278
A030,54.38366373532833,18.597371236770865,silownia,424.2923381120726,7,1.0,0.9905964374485048,0.9962385749794019
A030,54.38366373532833,18.597371236770865,sklep,66.58787111214082,96,1.0,1.0,1.0
A030,54.38366373532833,18.597371236770865,sklep_zoologiczny,415.61882178572273,11,1.0,0.9999832982992097,0.9999933193196839
A030,54.38366373532833,18.597371236770865,szkola_przedszkole,396.9192000971512,35,1.0,0.9999999999999993,0.9999999999999998
A030,54.38366373532833,18.597371236770865,szpital_przychodnia,260.29247496014335,9,1.0,0.9998765901959134,0.9999506360783653
A030,54.38366373532833,18.597371236770865,uczelnia,819.9877009122888,3,0.6800122990877112,0.950212931632136,0.7880925521054811
A030,54.38366373532833,18.597371236770865,weterynarz,580.8096922515685,7,1.0,0.9990881180344455,0.9996352472137782
A031,54.406577504861986,18.628481405138476,apteka,1514.4446725193245,0,0.30347207967542217,0.0,0.18208324780525328
A031,54.406577504861986,18.628481405138476,bank_atm,1963.24022154469,0,0.268379889227655,0.0,0.16102793353659298
A031,54.406577504861986,18.628481405138476,biblioteka,2161.303085599953,0,0.1693484572000234,0.0,0.10160907432001404
A031,54.406577504861986,18.628481405138476,fryzjer,1537.1900705704911,0,0.48140496471475447,0.0,0.2888429788288527
A031,54.406577504861986,18.628481405138476,kawiarnia_restauracja,1457.877525460093,0,0.3388265465874419,0.0,0.20329592795246512
A031,54.406577504861986,18.628481405138476,klub,3662.412942025665,0,0.0,0.0,0.0
A031,54.406577504861986,18.628481405138476,park,1385.831346973779,0,0.12685405891802323,0.0,0.07611243535081394
A031,54.406577504861986,18.628481405138476,plac_zabaw,1458.0616013319664,0,0.338711499167521,0.0,0.20322689950051262
A031,54.406577504861986,18.628481405138476,przystanek_autobus,1144.442279773307,2,0.40972357514168306,0.6321205588285577,0.4986823686164329
A031,54.406577504861986,18.628481405138476,przystanek_tramwaj,677.4904965585815,2,0.6531368793017731,0.7364028618842733,0.6864432723347731
A031,54.406577504861986,18.628481405138476,pub,1892.6648198003377,0,0.3036675900998312,0.0,0.1822005540598987
A031,54.406577504861986,18.628481405138476,silownia,2169.579562281011,0,0.1652102188594945,0.0,0.0991261313156967
A031,54.406577504861986,18.628481405138476,sklep,1481.0259938332506,0,0.32435875385421836,0.0,0.19461525231253102
A031,54.406577504861986,18.628481405138476,sklep_zoologiczny,1923.8455807395262,0,0.2880772096302369,0.0,0.17284632577814216
A031,54.406577504861986,18.628481405138476,szkola_przedszkole,1103.0212202906255,1,0.13854111387053503,0.6321205588285577,0.33597289185374407
A031,54.406577504861986,18.628481405138476,szpital_przychodnia,1512.8442364414002,0,0.3044723522241249,0.0,0.18268341133447494
A031,54.406577504861986,18.628481405138476,uczelnia,2777.979882325565,0,0.0,0.0,0.0
A031,54.406577504861986,18.628481405138476,weterynarz,1809.6472320277035,0,0.34517638398614825,0.0,0.20710583039168895
A032,54.34056822163987,18.699842831538874,apteka,1962.4401770335458,0,0.023474889354033905,0.0,0.014084933612420343
A032,54.34056822163987,18.699842831538874,bank_atm,2036.924763340571,0,0.2315376183297145,0.0,0.1389225709978287
A032,54.34056822163987,18.699842831538874,biblioteka,1972.336744854195,0,0.26383162757290246,0.0,0.15829897654374148
A032,54.34056822163987,18.699842831538874,fryzjer,1995.9520319760782,0,0.2520239840119609,0.0,0.15121439040717655
A032,54.34056822163987,18.699842831538874,kawiarnia_restauracja,1963.6722989274278,0,0.022704813170357597,0.0,0.013622887902214558
A032,54.34056822163987,18.699842831538874,klub,2870.6343797245167,0,0.0,0.0,0.0
A032,54.34056822163987,18.699842831538874,park,1657.522521522362,0,0.421238739238819,0.0,0.25274324354329136
A032,54.34056822163987,18.699842831538874,plac_zabaw,882.3032906843506,1,0.45385244187949914,0.6321205588285577,0.5251596886591225
A032,54.34056822163987,18.699842831538874,przystanek_autobus,861.6634651409638,3,0.19762362122719457,0.7768698398515702,0.42932210867694487
A032,54.34056822163987,18.699842831538874,przystanek_tramwaj,2127.7961343362076,0,0.0,0.0,0.0
A032,54.34056822163987,18.699842831538874,pub,2725.082652226161,0,0.0,0.0,0.0
A032,54.34056822163987,18.699842831538874,silownia,2889.069981513576,0,0.0,0.0,0.0
A032,54.34056822163987,18.699842831538874,sklep,1324.04422093108,0,0.422472361918075,0.0,0.253483417150845
A032,54.34056822163987,18.699842831538874,sklep_zoologiczny,3403.155854981482,0,0.0,0.0,0.0
A032,54.34056822163987,18.699842831538874,szkola_przedszkole,880.9226222898948,1,0.45582482530015034,0.6321205588285577,0.5263431187115133
A032,54.34056822163987,18.699842831538874,szpital_przychodnia,2455.9269454114,0,0.0,0.0,0.0
A032,54.34056822163987,18.699842831538874,uczelnia,1753.3138736585265,0,0.37334306317073673,0.0,0.22400583790244202
A032,54.34056822163987,18.699842831538874,weterynarz,2008.7330657875466,0,0.24563346710622672,0.0,0.14738008026373603
A033,54.34515970217106,18.60047590400939,apteka,944.1682297547671,6,0.31978971280654106,0.950212931632136,0.5719590003367792
A033,54.34515970217106,18.60047590400939,bank_atm,215.06979034085487,10,1.0,0.9987273661986602,0.9994909464794641
A033,54.34515970217106,18.60047590400939,biblioteka,1024.0090355628215,1,0.5288788493746428,0.6321205588285577,0.5701755331562087
A033,54.34515970217106,18.60047590400939,fryzjer,901.7093617537482,11,0.6647673758291687,0.9993466080201326,0.7985990687055542
A033,54.34515970217106,18.60047590400939,kawiarnia_restauracja,556.2932683624728,11,0.8046334145469091,0.9993466080201326,0.8825186919361985
A033,54.34515970217106,18.60047590400939,klub,2555.5136191142233,0,0.0,0.0,0.0
A033,54.34515970217106,18.60047590400939,park,806.3626772268094,4,0.7707081364146562,0.9305165487771985,0.8346315013596731
A033,54.34515970217106,18.60047590400939,plac_zabaw,180.59046622702922,66,1.0,1.0,1.0
A033,54.34515970217106,18.60047590400939,przystanek_autobus,177.40474257506136,48,1.0,0.9999999999622486,0.9999999999848994
A033,54.34515970217106,18.60047590400939,przystanek_tramwaj,523.8085650972682,15,0.8452392936284148,0.9999546000702375,0.9071254162051439
A033,54.34515970217106,18.60047590400939,pub,1773.4432629855476,0,0.3632783685072262,0.0,0.21796702110433572
A033,54.34515970217106,18.60047590400939,silownia,206.6734622031816,3,1.0,0.8646647167633873,0.9458658867053549
A033,54.34515970217106,18.60047590400939,sklep,15.337113235015194,45,1.0,0.9999999998308102,0.9999999999323241
A033,54.34515970217106,18.60047590400939,sklep_zoologiczny,835.9146330386241,1,0.7378726299570844,0.6321205588285577,0.6955718015056737
A033,54.34515970217106,18.60047590400939,szkola_przedszkole,189.581186371312,9,1.0,0.9998765901959134,0.9999506360783653
A033,54.34515970217106,18.60047590400939,szpital_przychodnia,1018.2061800289795,2,0.22724227496377566,0.8646647167633873,0.48221125168362033
A033,54.34515970217106,18.60047590400939,uczelnia,2363.1527272022095,0,0.06842363639889527,0.0,0.041054181839337164
A033,54.34515970217106,18.60047590400939,weterynarz,897.427252939143,1,0.6695252745120632,0.6321205588285577,0.654563388238661
A034,54.35535359676953,18.572302361633398,apteka,567.1459013153844,6,0.7910676233557694,0.950212931632136,0.8547257466663161
A034,54.35535359676953,18.572302361633398,bank_atm,552.3195738429245,8,1.0,0.9951720500061686,0.9980688200024674
A034,54.35535359676953,18.572302361633398,biblioteka,486.0243393158786,1,1.0,0.6321205588285577,0.852848223531423
A034,54.35535359676953,18.572302361633398,fryzjer,228.26675356552397,14,1.0,0.9999115730113401,0.9999646292045361
A034,54.35535359676953,18.572302361633398,kawiarnia_restauracja,414.12420571443124,14,0.9823447428569609,0.9999115730113401,0.9893714749187126
A034,54.35535359676953,18.572302361633398,klub,3281.0008315885457,0,0.0,0.0,0.0
A034,54.35535359676953,18.572302361633398,park,691.7757111928695,5,0.8980269875634783,0.9643260066527476,0.924546595199186
A034,54.35535359676953,18.572302361633398,plac_zabaw,87.22057819267738,49,1.0,1.0,1.0
A034,54.35535359676953,18.572302361633398,przystanek_autobus,355.7908471770078,18,0.9202987897471318,0.9998765901959134,0.9521299099266444
A034,54.35535359676953,18.572302361633398,przystanek_tramwaj,383.8556545177274,16,1.0,0.9999766908988571,0.9999906763595429
A034,54.35535359676953,18.572302361633398,pub,1262.9762484190583,0,0.2633597239788241,0.0,0.15801583438729447
A034,54.35535359676953,18.572302361633398,silownia,781.5047172070327,2,0.7184952827929673,0.7364028618842733,0.7256583144294897
A034,54.35535359676953,18.572302361633398,sklep,217.44060473667372,33,1.0,0.9999999317439663,0.9999999726975866
A034,54.35535359676953,18.572302361633398,sklep_zoologiczny,784.3671229326201,1,0.7951476411859777,0.6321205588285577,0.7299368082430097
A034,54.35535359676953,18.572302361633398,szkola_przedszkole,358.35192313388814,14,1.0,0.9999991684712809,0.9999996673885123
A034,54.35535359676953,18.572302361633398,szpital_przychodnia,949.5495475483204,2,0.31306306556459945,0.8646647167633873,0.5337037260441146
A034,54.35535359676953,18.572302361633398,uczelnia,2698.48216063103,0,0.0,0.0,0.0
A034,54.35535359676953,18.572302361633398,weterynarz,417.0327474440675,3,1.0,0.950212931632136,0.9800851726528544
A035,54.326541653279236,18.608086367261983,apteka,113.46386466984484,10,1.0,0.9932620530009145,0.9973048212003658
A035,54.326541653279236,18.608086367261983,bank_atm,147.75016153232548,17,1.0,0.9999880327084439,0.9999952130833776
A035,54.326541653279236,18.608086367261983,biblioteka,1049.4310931109621,1,0.5006321187655977,0.6321205588285577,0.5532274947907816
A035,54.326541653279236,18.608086367261983,fryzjer,299.58715911497535,9,1.0,0.9975212478233336,0.9990084991293334
A035,54.326541653279236,18.608086367261983,kawiarnia_restauracja,172.67644196363042,10,1.0,0.9987273661986602,0.9994909464794641
A035,54.326541653279236,18.608086367261983,klub,3713.2516945739376,0,0.0,0.0,0.0
A035,54.326541653279236,18.608086367261983,park,793.0330248531425,1,0.7855188612742862,0.486582880967408,0.6659444691515348
A035,54.326541653279236,18.608086367261983,plac_zabaw,202.24096743037254,148,1.0,1.0,1.0
A035,54.326541653279236,18.608086367261983,przystanek_autobus,83.9218400547546,34,1.0,0.9999999586006229,0.9999999834402491
A035,54.326541653279236,18.608086367261983,przystanek_tramwaj,389.3203618310609,10,1.0,0.9987273661986602,0.9994909464794641
A035,54.326541653279236,18.608086367261983,pub,355.92302243965884,1,1.0,0.6321205588285577,0.852848223531423
A035,54.326541653279236,18.608086367261983,silownia,463.81985685326674,1,1.0,0.486582880967408,0.7946331523869632
A035,54.326541653279236,18.608086367261983,sklep,177.60360003224713,37,1.0,0.9999999907625503,0.9999999963050201
A035,54.326541653279236,18.608086367261983,sklep_zoologiczny,527.6536988368562,1,1.0,0.6321205588285577,0.852848223531423
A035,54.326541653279236,18.608086367261983,szkola_przedszkole,481.29839182837935,13,1.0,0.999997739670593,0.9999990958682372
A035,54.326541653279236,18.608086367261983,szpital_przychodnia,1371.082105507041,0,0.3930736840580994,0.0,0.23584421043485962
A035,54.326541653279236,18.608086367261983,uczelnia,1706.0194880975266,0,0.3969902559512367,0.0,0.23819415357074203
A035,54.326541653279236,18.608086367261983,weterynarz,721.7115371081111,1,0.8647649587687655,0.6321205588285577,0.7717071987926822
A036,54.320415832985965,18.61004492765079,apteka,353.58016817833044,8,1.0,0.9816843611112658,0.9926737444445063
A036,54.320415832985965,18.61004492765079,bank_atm,626.9666724674852,11,0.9700370305916831,0.9993466080201326,0.981760861563063
A036,54.320415832985965,18.61004492765079,biblioteka,1176.9205378094068,1,0.3589771802117702,0.6321205588285577,0.46823453165848516
A036,54.320415832985965,18.61004492765079,fryzjer,341.8838084369183,8,1.0,0.9951720500061686,0.9980688200024674
A036,54.320415832985965,18.61004492765079,kawiarnia_restauracja,344.53535209295165,11,1.0,0.9993466080201326,0.9997386432080531
A036,54.320415832985965,18.61004492765079,klub,4142.753872330117,0,0.0,0.0,0.0
A036,54.320415832985965,18.61004492765079,park,734.1414206328944,2,0.8509539770745618,0.7364028618842733,0.8051335309984463
A036,54.320415832985965,18.61004492765079,plac_zabaw,145.32882827390893,97,1.0,1.0,1.0
A036,54.320415832985965,18.61004492765079,przystanek_autobus,355.10118764770715,34,0.9212840176461328,0.9999999586006229,0.9527703940279288
A036,54.320415832985965,18.61004492765079,przystanek_tramwaj,359.8644305227917,4,1.0,0.9305165487771985,0.9722066195108794
A036,54.320415832985965,18.61004492765079,pub,540.9052760378531,1,1.0,0.6321205588285577,0.852848223531423
A036,54.320415832985965,18.61004492765079,silownia,890.6795183985016,1,0.6093204816014984,0.486582880967408,0.5602254413478622
A036,54.320415832985965,18.61004492765079,sklep,347.4635378955733,31,1.0,0.9999998144608637,0.9999999257843455
A036,54.320415832985965,18.61004492765079,sklep_zoologiczny,649.3958029108068,1,0.945115774543548,0.6321205588285577,0.8199176882575518
A036,54.320415832985965,18.61004492765079,szkola_przedszkole,523.5029319517419,9,0.966424382926083,0.9998765901959134,0.9798052658340152
A036,54.320415832985965,18.61004492765079,szpital_przychodnia,1455.2391274047473,0,0.34047554537203295,0.0,0.20428532722321976
A036,54.320415832985965,18.61004492765079,uczelnia,1941.9323337590793,0,0.2790338331204604,0.0,0.16742029987227622
A036,54.320415832985965,18.61004492765079,weterynarz,618.2196249732242,1,0.9797559722519731,0.6321205588285577,0.8407018068826069
A037,54.35598614866976,18.669126851822913,apteka,842.2148813709204,8,0.44723139828634956,0.9816843611112658,0.6610125834163161
A037,54.35598614866976,18.669126851822913,bank_atm,817.404538680914,21,0.7584394014656511,0.9999991684712809,0.8550633082679031
A037,54.35598614866976,18.669126851822913,biblioteka,932.5177519156066,3,0.6305358312048815,0.950212931632136,0.7584066713757833
A037,54.35598614866976,18.669126851822913,fryzjer,778.9857234246496,12,0.8011269739726116,0.9996645373720975,0.880541999332406
A037,54.35598614866976,18.669126851822913,kawiarnia_restauracja,365.24183164728146,129,1.0,1.0,1.0
A037,54.35598614866976,18.669126851822913,klub,949.348190163424,2,0.6118353442628622,0.8646647167633873,0.7129670932630723
A037,54.35598614866976,18.669126851822913,park,369.1567912722865,14,1.0,0.9999115730113401,0.9999646292045361
A037,54.35598614866976,18.669126851822913,plac_zabaw,448.6322854831275,33,1.0,0.9999999999999953,0.9999999999999981
A037,54.35598614866976,18.669126851822913,przystanek_autobus,446.01929061500795,29,0.7914010134071314,0.9999994956523375,0.8748404063052139
A037,54.35598614866976,18.669126851822913,przystanek_tramwaj,458.34427509783285,3,0.9270696561277089,0.8646647167633873,0.9021076803819803
A037,54.35598614866976,18.669126851822913,pub,652.3753451592711,9,0.9418051720452544,0.9998765901959134,0.965033739305518
A037,54.35598614866976,18.669126851822913,silownia,269.621545391018,1,1.0,0.486582880967408,0.7946331523869632
A037,54.35598614866976,18.669126851822913,sklep,141.11460636604488,43,1.0,0.9999999995400944,0.9999999998160378
A037,54.35598614866976,18.669126851822913,sklep_zoologiczny,1137.6061320158674,1,0.4026598533157029,0.6321205588285577,0.49444413552084476
A037,54.35598614866976,18.669126851822913,szkola_przedszkole,490.9501363336282,15,1.0,0.9999996940976795,0.9999998776390718
A037,54.35598614866976,18.669126851822913,szpital_przychodnia,1188.2373885175239,1,0.014703264353095165,0.6321205588285577,0.26167018214328014
A037,54.35598614866976,18.669126851822913,uczelnia,1025.3785025314623,2,0.47462149746853766,0.8646647167633873,0.6306387851864775
A037,54.35598614866976,18.669126851822913,weterynarz,771.2403984938131,1,0.8097328905624298,0.6321205588285577,0.738687957868881
A038,54.33039285331147,18.652302558921626,apteka,1173.4571983468654,1,0.03317850206641822,0.3934693402873666,0.17729483735479756
A038,54.33039285331147,18.652302558921626,bank_atm,1295.852190206411,0,0.22683089977065443,0.0,0.13609853986239265
A038,54.33039285331147,18.652302558921626,biblioteka,1607.2709318781,0,0.44636453406094995,0.0,0.26781872043656996
A038,54.33039285331147,18.652302558921626,fryzjer,1200.0232734150397,0,0.3333074739832892,0.0,0.19998448438997352
A038,54.33039285331147,18.652302558921626,kawiarnia_restauracja,1146.3978035463886,1,0.0670027455670143,0.486582880967408,0.2348347997271718
A038,54.33039285331147,18.652302558921626,klub,1936.2034287932618,0,0.2818982856033691,0.0,0.16913897136202147
A038,54.33039285331147,18.652302558921626,park,968.9572580328203,1,0.5900474910746442,0.486582880967408,0.5486616470317497
A038,54.33039285331147,18.652302558921626,plac_zabaw,843.4331954503906,9,0.5093811493565849,0.9998765901959134,0.7055793256923162
A038,54.33039285331147,18.652302558921626,przystanek_autobus,449.19496700244196,22,0.7868643328536544,0.9999832982992097,0.8721119190318765
A038,54.33039285331147,18.652302558921626,przystanek_tramwaj,1697.5802078761017,0,0.18901237007743646,0.0,0.11340742204646187
A038,54.33039285331147,18.652302558921626,pub,1998.5369001089948,0,0.2507315499455026,0.0,0.15043892996730157
A038,54.33039285331147,18.652302558921626,silownia,1856.2577356105226,0,0.32187113219473873,0.0,0.19312267931684324
A038,54.33039285331147,18.652302558921626,sklep,467.85976662608203,10,0.9151752917173974,0.9932620530009145,0.9464099962308042
A038,54.33039285331147,18.652302558921626,sklep_zoologiczny,2106.9649208717747,0,0.19651753956411266,0.0,0.1179105237384676
A038,54.33039285331147,18.652302558921626,szkola_przedszkole,910.9558438842578,1,0.4129202230224889,0.6321205588285577,0.5006003573449164
A038,54.33039285331147,18.652302558921626,szpital_przychodnia,1325.7015626248951,0,0.42143652335944054,0.0,0.2528619140156643
A038,54.33039285331147,18.652302558921626,uczelnia,1270.8326713392455,0,0.22916732866075448,0.0,0.13750039719645268
A038,54.33039285331147,18.652302558921626,weterynarz,1321.3545481972321,0,0.19849494644751986,0.0,0.11909696786851191
A039,54.375953910063025,18.68869369389696,apteka,2139.844021803441,0,0.0,0.0,0.0
A039,54.375953910063025,18.68869369389696,bank_atm,2059.6587885457393,0,0.22017060572713035,0.0,0.1321023634362782
A039,54.375953910063025,18.68869369389696,biblioteka,2280.3812651220514,0,0.10980936743897428,0.0,0.06588562046338456
A039,54.375953910063025,18.68869369389696,fryzjer,2201.88041752315,0,0.14905979123842508,0.0,0.08943587474305505
A039,54.375953910063025,18.68869369389696,kawiarnia_restauracja,2157.1339112076253,0,0.0,0.0,0.0
A039,54.375953910063025,18.68869369389696,klub,2897.053048924156,0,0.0,0.0,0.0
A039,54.375953910063025,18.68869369389696,park,2091.6892581805405,0,0.20415537090972977,0.0,0.12249322254583786
A039,54.375953910063025,18.68869369389696,plac_zabaw,945.6053251659157,1,0.36342096404869184,0.6321205588285577,0.47090080196063816
A039,54.375953910063025,18.68869369389696,przystanek_autobus,175.9874681620733,13,1.0,0.9984965608070224,0.999398624322809
A039,54.375953910063025,18.68869369389696,przystanek_tramwaj,2698.370029622968,0,0.0,0.0,0.0
A039,54.375953910063025,18.68869369389696,pub,2878.50679618567,0,0.0,0.0,0.0
A039,54.375953910063025,18.68869369389696,silownia,2586.890367205049,0,0.0,0.0,0.0
A039,54.375953910063025,18.68869369389696,sklep,1907.0969907069064,0,0.058064380808183526,0.0,0.034838628484910115
A039,54.375953910063025,18.68869369389696,sklep_zoologiczny,3371.303822001764,0,0.0,0.0,0.0
A039,54.375953910063025,18.68869369389696,szkola_przedszkole,962.3065231693887,1,0.33956210975801615,0.6321205588285577,0.4565854893862328
A039,54.375953910063025,18.68869369389696,szpital_przychodnia,2311.273864497355,0,0.0,0.0,0.0
A039,54.375953910063025,18.68869369389696,uczelnia,2037.280275277433,0,0.2313598623612835,0.0,0.1388159174167701
A039,54.375953910063025,18.68869369389696,weterynarz,3128.3906217389335,0,0.0,0.0,0.0
